50	warning	code-scanning	js/incomplete-sanitization	web/src/pages/Settings.tsx:1323	Incomplete string escaping or encoding	https://github.com/jdfalk/audiobook-organizer/security/code-scanning/50	2025-11-21T15:52:27Z
132	warning	code-scanning	go/weak-sensitive-data-hashing	internal/database/settings.go:63	Use of a broken or weak cryptographic hashing algorithm on sensitive data	https://github.com/jdfalk/audiobook-organizer/security/code-scanning/132	2026-01-18T20:16:57Z
379	warning	code-scanning	go/disabled-certificate-check	internal/mtls/provisioning.go:138	Disabled TLS certificate check	https://github.com/jdfalk/audiobook-organizer/security/code-scanning/379	2026-04-07T01:35:13Z
468	warning	code-scanning	go/allocation-size-overflow	internal/itunes/itl.go:396	Size computation for allocation may overflow	https://github.com/jdfalk/audiobook-organizer/security/code-scanning/468	2026-04-26T23:26:49Z
13	error	code-scanning	go/zipslip	internal/backup/backup.go:153	Arbitrary file access during archive extraction ("Zip Slip")	https://github.com/jdfalk/audiobook-organizer/security/code-scanning/13	2025-11-09T22:41:03Z
14	error	code-scanning	go/path-injection	internal/backup/backup.go:135	Uncontrolled data used in path expression	https://github.com/jdfalk/audiobook-organizer/security/code-scanning/14	2025-11-09T22:41:03Z
17	error	code-scanning	go/path-injection	internal/backup/backup.go:177	Uncontrolled data used in path expression	https://github.com/jdfalk/audiobook-organizer/security/code-scanning/17	2025-11-09T22:41:03Z
18	error	code-scanning	go/path-injection	internal/backup/backup.go:191	Uncontrolled data used in path expression	https://github.com/jdfalk/audiobook-organizer/security/code-scanning/18	2025-11-09T22:41:03Z
19	error	code-scanning	go/path-injection	internal/backup/backup.go:250	Uncontrolled data used in path expression	https://github.com/jdfalk/audiobook-organizer/security/code-scanning/19	2025-11-09T22:41:03Z
25	error	code-scanning	go/path-injection	internal/backup/backup.go:259	Uncontrolled data used in path expression	https://github.com/jdfalk/audiobook-organizer/security/code-scanning/25	2025-11-18T01:58:04Z
26	error	code-scanning	go/path-injection	internal/backup/backup.go:316	Uncontrolled data used in path expression	https://github.com/jdfalk/audiobook-organizer/security/code-scanning/26	2025-11-18T01:58:04Z
28	error	code-scanning	go/path-injection	internal/metadata/metadata.go:126	Uncontrolled data used in path expression	https://github.com/jdfalk/audiobook-organizer/security/code-scanning/28	2025-11-18T01:58:04Z
29	error	code-scanning	go/path-injection	internal/playlist/playlist.go:143	Uncontrolled data used in path expression	https://github.com/jdfalk/audiobook-organizer/security/code-scanning/29	2025-11-18T01:58:04Z
33	error	code-scanning	go/path-injection	internal/organizer/reflink_unix.go:26	Uncontrolled data used in path expression	https://github.com/jdfalk/audiobook-organizer/security/code-scanning/33	2025-11-18T13:37:33Z
35	error	code-scanning	go/path-injection	internal/organizer/organizer.go:510	Uncontrolled data used in path expression	https://github.com/jdfalk/audiobook-organizer/security/code-scanning/35	2025-11-18T13:37:33Z
42	error	code-scanning	go/path-injection	internal/database/settings.go:39	Uncontrolled data used in path expression	https://github.com/jdfalk/audiobook-organizer/security/code-scanning/42	2025-11-20T04:58:09Z
43	error	code-scanning	go/path-injection	internal/database/settings.go:54	Uncontrolled data used in path expression	https://github.com/jdfalk/audiobook-organizer/security/code-scanning/43	2025-11-20T04:58:09Z
44	error	code-scanning	go/uncontrolled-allocation-size	internal/scanner/scanner.go:219	Slice memory allocation with excessive size value	https://github.com/jdfalk/audiobook-organizer/security/code-scanning/44	2025-11-20T05:04:49Z
47	error	code-scanning	go/clear-text-logging	cmd/root.go:261	Clear-text logging of sensitive information	https://github.com/jdfalk/audiobook-organizer/security/code-scanning/47	2025-11-20T05:37:42Z
52	error	code-scanning	go/path-injection	internal/scanner/scanner.go:1767	Uncontrolled data used in path expression	https://github.com/jdfalk/audiobook-organizer/security/code-scanning/52	2025-11-22T05:52:46Z
53	error	code-scanning	go/path-injection	internal/scanner/scanner.go:1817	Uncontrolled data used in path expression	https://github.com/jdfalk/audiobook-organizer/security/code-scanning/53	2025-11-22T05:52:46Z
129	error	code-scanning	go/uncontrolled-allocation-size	internal/scanner/scanner.go:339	Slice memory allocation with excessive size value	https://github.com/jdfalk/audiobook-organizer/security/code-scanning/129	2026-01-18T20:16:57Z
133	error	code-scanning	go/path-injection	internal/itunes/parser.go:86	Uncontrolled data used in path expression	https://github.com/jdfalk/audiobook-organizer/security/code-scanning/133	2026-01-28T05:22:33Z
160	error	code-scanning	js/disabling-certificate-validation	scripts/record_demo.js:23	Disabling certificate validation	https://github.com/jdfalk/audiobook-organizer/security/code-scanning/160	2026-02-06T16:52:56Z
162	error	code-scanning	go/path-injection	internal/server/covers.go:47	Uncontrolled data used in path expression	https://github.com/jdfalk/audiobook-organizer/security/code-scanning/162	2026-02-15T17:36:34Z
163	error	code-scanning	go/path-injection	internal/server/covers.go:48	Uncontrolled data used in path expression	https://github.com/jdfalk/audiobook-organizer/security/code-scanning/163	2026-02-15T17:36:34Z
170	error	code-scanning	go/path-injection	internal/organizer/organizer.go:471	Uncontrolled data used in path expression	https://github.com/jdfalk/audiobook-organizer/security/code-scanning/170	2026-02-17T14:41:38Z
171	error	code-scanning	go/path-injection	internal/organizer/organizer.go:476	Uncontrolled data used in path expression	https://github.com/jdfalk/audiobook-organizer/security/code-scanning/171	2026-02-17T14:41:38Z
172	error	code-scanning	go/path-injection	internal/organizer/organizer.go:481	Uncontrolled data used in path expression	https://github.com/jdfalk/audiobook-organizer/security/code-scanning/172	2026-02-17T14:41:38Z
173	error	code-scanning	go/path-injection	internal/organizer/organizer.go:484	Uncontrolled data used in path expression	https://github.com/jdfalk/audiobook-organizer/security/code-scanning/173	2026-02-17T14:41:38Z
174	error	code-scanning	go/path-injection	internal/organizer/organizer.go:484	Uncontrolled data used in path expression	https://github.com/jdfalk/audiobook-organizer/security/code-scanning/174	2026-02-17T14:41:38Z
175	error	code-scanning	go/path-injection	internal/organizer/organizer.go:485	Uncontrolled data used in path expression	https://github.com/jdfalk/audiobook-organizer/security/code-scanning/175	2026-02-17T14:41:38Z
176	error	code-scanning	go/path-injection	internal/config/persistence.go:39	Uncontrolled data used in path expression	https://github.com/jdfalk/audiobook-organizer/security/code-scanning/176	2026-02-18T12:09:33Z
178	error	code-scanning	go/path-injection	internal/config/persistence.go:134	Uncontrolled data used in path expression	https://github.com/jdfalk/audiobook-organizer/security/code-scanning/178	2026-02-18T12:09:33Z
180	error	code-scanning	go/path-injection	internal/openlibrary/downloader.go:124	Uncontrolled data used in path expression	https://github.com/jdfalk/audiobook-organizer/security/code-scanning/180	2026-02-18T12:09:33Z
181	error	code-scanning	go/path-injection	internal/openlibrary/downloader.go:181	Uncontrolled data used in path expression	https://github.com/jdfalk/audiobook-organizer/security/code-scanning/181	2026-02-18T12:09:33Z
182	error	code-scanning	go/path-injection	internal/openlibrary/store.go:83	Uncontrolled data used in path expression	https://github.com/jdfalk/audiobook-organizer/security/code-scanning/182	2026-02-18T12:09:33Z
192	error	code-scanning	go/path-injection	internal/metadata/metadata.go:875	Uncontrolled data used in path expression	https://github.com/jdfalk/audiobook-organizer/security/code-scanning/192	2026-02-20T06:08:58Z
194	error	code-scanning	go/path-injection	internal/server/covers.go:87	Uncontrolled data used in path expression	https://github.com/jdfalk/audiobook-organizer/security/code-scanning/194	2026-02-20T06:08:58Z
198	error	code-scanning	go/path-injection	internal/fileops/safe_operations.go:91	Uncontrolled data used in path expression	https://github.com/jdfalk/audiobook-organizer/security/code-scanning/198	2026-02-21T03:55:21Z
199	error	code-scanning	go/path-injection	internal/fileops/safe_operations.go:101	Uncontrolled data used in path expression	https://github.com/jdfalk/audiobook-organizer/security/code-scanning/199	2026-02-21T03:55:21Z
200	error	code-scanning	go/path-injection	internal/fileops/safe_operations.go:124	Uncontrolled data used in path expression	https://github.com/jdfalk/audiobook-organizer/security/code-scanning/200	2026-02-21T03:55:21Z
202	error	code-scanning	go/path-injection	internal/fileops/safe_operations.go:174	Uncontrolled data used in path expression	https://github.com/jdfalk/audiobook-organizer/security/code-scanning/202	2026-02-21T03:55:21Z
203	error	code-scanning	go/path-injection	internal/fileops/safe_operations.go:175	Uncontrolled data used in path expression	https://github.com/jdfalk/audiobook-organizer/security/code-scanning/203	2026-02-21T03:55:21Z
205	error	code-scanning	go/path-injection	internal/fileops/safe_operations.go:219	Uncontrolled data used in path expression	https://github.com/jdfalk/audiobook-organizer/security/code-scanning/205	2026-02-21T03:55:21Z
207	error	code-scanning	go/path-injection	internal/fileops/safe_operations.go:230	Uncontrolled data used in path expression	https://github.com/jdfalk/audiobook-organizer/security/code-scanning/207	2026-02-21T03:55:21Z
208	error	code-scanning	go/path-injection	internal/fileops/safe_operations.go:246	Uncontrolled data used in path expression	https://github.com/jdfalk/audiobook-organizer/security/code-scanning/208	2026-02-21T03:55:21Z
209	error	code-scanning	go/path-injection	internal/fileops/safe_operations.go:250	Uncontrolled data used in path expression	https://github.com/jdfalk/audiobook-organizer/security/code-scanning/209	2026-02-21T03:55:21Z
210	error	code-scanning	go/path-injection	internal/fileops/safe_operations.go:255	Uncontrolled data used in path expression	https://github.com/jdfalk/audiobook-organizer/security/code-scanning/210	2026-02-21T03:55:21Z
211	error	code-scanning	go/path-injection	internal/metadata/enhanced.go:353	Uncontrolled data used in path expression	https://github.com/jdfalk/audiobook-organizer/security/code-scanning/211	2026-02-21T03:55:21Z
212	error	code-scanning	go/path-injection	internal/metadata/enhanced.go:455	Uncontrolled data used in path expression	https://github.com/jdfalk/audiobook-organizer/security/code-scanning/212	2026-02-21T03:55:21Z
213	error	code-scanning	go/path-injection	internal/metadata/enhanced.go:524	Uncontrolled data used in path expression	https://github.com/jdfalk/audiobook-organizer/security/code-scanning/213	2026-02-21T03:55:21Z
215	error	code-scanning	go/path-injection	internal/itunes/fingerprint.go:43	Uncontrolled data used in path expression	https://github.com/jdfalk/audiobook-organizer/security/code-scanning/215	2026-02-24T16:45:03Z
216	error	code-scanning	go/path-injection	internal/itunes/fingerprint.go:48	Uncontrolled data used in path expression	https://github.com/jdfalk/audiobook-organizer/security/code-scanning/216	2026-02-24T16:45:03Z
223	error	code-scanning	go/path-injection	internal/metadata/cover.go:69	Uncontrolled data used in path expression	https://github.com/jdfalk/audiobook-organizer/security/code-scanning/223	2026-02-27T21:29:29Z
224	error	code-scanning	go/path-injection	internal/metadata/cover.go:76	Uncontrolled data used in path expression	https://github.com/jdfalk/audiobook-organizer/security/code-scanning/224	2026-02-27T21:29:29Z
225	error	code-scanning	go/path-injection	internal/metadata/metadata.go:112	Uncontrolled data used in path expression	https://github.com/jdfalk/audiobook-organizer/security/code-scanning/225	2026-02-27T21:29:29Z
230	error	code-scanning	go/path-injection	internal/metadata/assemble.go:54	Uncontrolled data used in path expression	https://github.com/jdfalk/audiobook-organizer/security/code-scanning/230	2026-03-01T03:46:33Z
231	error	code-scanning	go/path-injection	internal/metadata/assemble.go:190	Uncontrolled data used in path expression	https://github.com/jdfalk/audiobook-organizer/security/code-scanning/231	2026-03-01T03:46:33Z
232	error	code-scanning	go/request-forgery	internal/metadata/cover.go:48	Uncontrolled data used in network request	https://github.com/jdfalk/audiobook-organizer/security/code-scanning/232	2026-03-01T09:28:37Z
253	error	code-scanning	go/path-injection	internal/organizer/organizer.go:519	Uncontrolled data used in path expression	https://github.com/jdfalk/audiobook-organizer/security/code-scanning/253	2026-03-10T14:02:21Z
331	error	code-scanning	go/path-injection	internal/itunes/itl.go:493	Uncontrolled data used in path expression	https://github.com/jdfalk/audiobook-organizer/security/code-scanning/331	2026-03-30T04:29:40Z
332	error	code-scanning	go/path-injection	internal/itunes/parser.go:72	Uncontrolled data used in path expression	https://github.com/jdfalk/audiobook-organizer/security/code-scanning/332	2026-03-30T04:29:40Z
337	error	code-scanning	go/path-injection	internal/server/maintenance_fixups.go:84	Uncontrolled data used in path expression	https://github.com/jdfalk/audiobook-organizer/security/code-scanning/337	2026-04-02T00:18:34Z
338	error	code-scanning	go/path-injection	internal/server/maintenance_fixups.go:101	Uncontrolled data used in path expression	https://github.com/jdfalk/audiobook-organizer/security/code-scanning/338	2026-04-02T00:18:34Z
339	error	code-scanning	go/path-injection	internal/organizer/reflink_unix.go:57	Uncontrolled data used in path expression	https://github.com/jdfalk/audiobook-organizer/security/code-scanning/339	2026-04-03T03:00:50Z
342	error	code-scanning	go/path-injection	internal/organizer/organizer.go:562	Uncontrolled data used in path expression	https://github.com/jdfalk/audiobook-organizer/security/code-scanning/342	2026-04-03T16:08:45Z
346	error	code-scanning	go/path-injection	internal/backup/backup.go:167	Uncontrolled data used in path expression	https://github.com/jdfalk/audiobook-organizer/security/code-scanning/346	2026-04-07T01:35:13Z
347	error	code-scanning	go/path-injection	internal/backup/backup.go:172	Uncontrolled data used in path expression	https://github.com/jdfalk/audiobook-organizer/security/code-scanning/347	2026-04-07T01:35:13Z
348	error	code-scanning	go/path-injection	internal/config/persistence.go:129	Uncontrolled data used in path expression	https://github.com/jdfalk/audiobook-organizer/security/code-scanning/348	2026-04-07T01:35:13Z
349	error	code-scanning	go/path-injection	internal/fileops/safe_operations.go:58	Uncontrolled data used in path expression	https://github.com/jdfalk/audiobook-organizer/security/code-scanning/349	2026-04-07T01:35:13Z
350	error	code-scanning	go/path-injection	internal/fileops/safe_operations.go:226	Uncontrolled data used in path expression	https://github.com/jdfalk/audiobook-organizer/security/code-scanning/350	2026-04-07T01:35:13Z
351	error	code-scanning	go/path-injection	internal/itunes/generate_test_itls.go:49	Uncontrolled data used in path expression	https://github.com/jdfalk/audiobook-organizer/security/code-scanning/351	2026-04-07T01:35:13Z
352	error	code-scanning	go/path-injection	internal/itunes/generate_test_itls.go:56	Uncontrolled data used in path expression	https://github.com/jdfalk/audiobook-organizer/security/code-scanning/352	2026-04-07T01:35:13Z
353	error	code-scanning	go/path-injection	internal/itunes/generate_test_itls.go:200	Uncontrolled data used in path expression	https://github.com/jdfalk/audiobook-organizer/security/code-scanning/353	2026-04-07T01:35:13Z
354	error	code-scanning	go/path-injection	internal/itunes/generate_test_itls.go:379	Uncontrolled data used in path expression	https://github.com/jdfalk/audiobook-organizer/security/code-scanning/354	2026-04-07T01:35:13Z
355	error	code-scanning	go/path-injection	internal/itunes/generate_test_itls.go:410	Uncontrolled data used in path expression	https://github.com/jdfalk/audiobook-organizer/security/code-scanning/355	2026-04-07T01:35:13Z
356	error	code-scanning	go/path-injection	internal/itunes/generate_test_itls.go:584	Uncontrolled data used in path expression	https://github.com/jdfalk/audiobook-organizer/security/code-scanning/356	2026-04-07T01:35:13Z
357	error	code-scanning	go/path-injection	internal/itunes/generate_test_itls.go:612	Uncontrolled data used in path expression	https://github.com/jdfalk/audiobook-organizer/security/code-scanning/357	2026-04-07T01:35:13Z
358	error	code-scanning	go/path-injection	internal/itunes/generate_test_itls.go:639	Uncontrolled data used in path expression	https://github.com/jdfalk/audiobook-organizer/security/code-scanning/358	2026-04-07T01:35:13Z
359	error	code-scanning	go/path-injection	internal/itunes/generate_test_itls.go:669	Uncontrolled data used in path expression	https://github.com/jdfalk/audiobook-organizer/security/code-scanning/359	2026-04-07T01:35:13Z
360	error	code-scanning	go/path-injection	internal/itunes/generate_test_itls.go:700	Uncontrolled data used in path expression	https://github.com/jdfalk/audiobook-organizer/security/code-scanning/360	2026-04-07T01:35:13Z
361	error	code-scanning	go/path-injection	internal/metadata/cover.go:40	Uncontrolled data used in path expression	https://github.com/jdfalk/audiobook-organizer/security/code-scanning/361	2026-04-07T01:35:13Z
362	error	code-scanning	go/path-injection	internal/metadata/metadata.go:868	Uncontrolled data used in path expression	https://github.com/jdfalk/audiobook-organizer/security/code-scanning/362	2026-04-07T01:35:13Z
363	error	code-scanning	go/path-injection	internal/metadata/metadata.go:879	Uncontrolled data used in path expression	https://github.com/jdfalk/audiobook-organizer/security/code-scanning/363	2026-04-07T01:35:13Z
364	error	code-scanning	go/path-injection	internal/openlibrary/downloader.go:92	Uncontrolled data used in path expression	https://github.com/jdfalk/audiobook-organizer/security/code-scanning/364	2026-04-07T01:35:13Z
365	error	code-scanning	go/path-injection	internal/organizer/organizer.go:98	Uncontrolled data used in path expression	https://github.com/jdfalk/audiobook-organizer/security/code-scanning/365	2026-04-07T01:35:13Z
366	error	code-scanning	go/path-injection	internal/organizer/organizer.go:541	Uncontrolled data used in path expression	https://github.com/jdfalk/audiobook-organizer/security/code-scanning/366	2026-04-07T01:35:13Z
383	error	code-scanning	go/path-injection	internal/organizer/organizer.go:139	Uncontrolled data used in path expression	https://github.com/jdfalk/audiobook-organizer/security/code-scanning/383	2026-04-11T02:37:11Z
385	error	code-scanning	go/path-injection	internal/server/audiobooks_handlers.go:305	Uncontrolled data used in path expression	https://github.com/jdfalk/audiobook-organizer/security/code-scanning/385	2026-04-11T23:49:55Z
388	error	code-scanning	go/path-injection	internal/server/filesystem_handlers.go:165	Uncontrolled data used in path expression	https://github.com/jdfalk/audiobook-organizer/security/code-scanning/388	2026-04-11T23:49:55Z
389	error	code-scanning	go/path-injection	internal/server/filesystem_handlers.go:257	Uncontrolled data used in path expression	https://github.com/jdfalk/audiobook-organizer/security/code-scanning/389	2026-04-11T23:49:55Z
390	error	code-scanning	go/path-injection	internal/server/system_handlers.go:267	Uncontrolled data used in path expression	https://github.com/jdfalk/audiobook-organizer/security/code-scanning/390	2026-04-11T23:49:55Z
391	error	code-scanning	go/path-injection	internal/server/system_handlers.go:278	Uncontrolled data used in path expression	https://github.com/jdfalk/audiobook-organizer/security/code-scanning/391	2026-04-11T23:49:55Z
392	error	code-scanning	go/path-injection	internal/server/system_handlers.go:282	Uncontrolled data used in path expression	https://github.com/jdfalk/audiobook-organizer/security/code-scanning/392	2026-04-11T23:49:55Z
396	error	code-scanning	go/path-injection	internal/organizer/organizer.go:460	Uncontrolled data used in path expression	https://github.com/jdfalk/audiobook-organizer/security/code-scanning/396	2026-04-15T03:18:50Z
397	error	code-scanning	go/path-injection	internal/organizer/organizer.go:462	Uncontrolled data used in path expression	https://github.com/jdfalk/audiobook-organizer/security/code-scanning/397	2026-04-15T03:18:50Z
407	error	code-scanning	go/path-injection	internal/merge/collision.go:35	Uncontrolled data used in path expression	https://github.com/jdfalk/audiobook-organizer/security/code-scanning/407	2026-04-18T20:30:31Z
408	error	code-scanning	go/path-injection	internal/metafetch/file_pipeline.go:179	Uncontrolled data used in path expression	https://github.com/jdfalk/audiobook-organizer/security/code-scanning/408	2026-04-18T20:30:31Z
409	error	code-scanning	go/path-injection	internal/metafetch/file_pipeline.go:184	Uncontrolled data used in path expression	https://github.com/jdfalk/audiobook-organizer/security/code-scanning/409	2026-04-18T20:30:31Z
410	error	code-scanning	go/path-injection	internal/metafetch/file_pipeline.go:187	Uncontrolled data used in path expression	https://github.com/jdfalk/audiobook-organizer/security/code-scanning/410	2026-04-18T20:30:31Z
411	error	code-scanning	go/path-injection	internal/metafetch/file_pipeline.go:196	Uncontrolled data used in path expression	https://github.com/jdfalk/audiobook-organizer/security/code-scanning/411	2026-04-18T20:30:31Z
412	error	code-scanning	go/path-injection	internal/metafetch/file_pipeline.go:196	Uncontrolled data used in path expression	https://github.com/jdfalk/audiobook-organizer/security/code-scanning/412	2026-04-18T20:30:31Z
413	error	code-scanning	go/path-injection	internal/metafetch/openlibrary.go:45	Uncontrolled data used in path expression	https://github.com/jdfalk/audiobook-organizer/security/code-scanning/413	2026-04-18T20:30:31Z
414	error	code-scanning	go/path-injection	internal/organizer/rename.go:237	Uncontrolled data used in path expression	https://github.com/jdfalk/audiobook-organizer/security/code-scanning/414	2026-04-18T20:30:31Z
415	error	code-scanning	go/path-injection	internal/organizer/rename.go:386	Uncontrolled data used in path expression	https://github.com/jdfalk/audiobook-organizer/security/code-scanning/415	2026-04-18T20:30:31Z
416	error	code-scanning	go/path-injection	internal/organizer/rename.go:392	Uncontrolled data used in path expression	https://github.com/jdfalk/audiobook-organizer/security/code-scanning/416	2026-04-18T20:30:31Z
417	error	code-scanning	go/path-injection	internal/organizer/rename.go:392	Uncontrolled data used in path expression	https://github.com/jdfalk/audiobook-organizer/security/code-scanning/417	2026-04-18T20:30:31Z
418	error	code-scanning	go/path-injection	internal/organizer/rename.go:402	Uncontrolled data used in path expression	https://github.com/jdfalk/audiobook-organizer/security/code-scanning/418	2026-04-18T20:30:31Z
419	error	code-scanning	go/path-injection	internal/organizer/rename.go:409	Uncontrolled data used in path expression	https://github.com/jdfalk/audiobook-organizer/security/code-scanning/419	2026-04-18T20:30:31Z
420	error	code-scanning	go/path-injection	internal/organizer/rename.go:416	Uncontrolled data used in path expression	https://github.com/jdfalk/audiobook-organizer/security/code-scanning/420	2026-04-18T20:30:31Z
421	error	code-scanning	go/path-injection	internal/organizer/rename.go:420	Uncontrolled data used in path expression	https://github.com/jdfalk/audiobook-organizer/security/code-scanning/421	2026-04-18T20:30:31Z
422	error	code-scanning	go/path-injection	internal/organizer/rename.go:424	Uncontrolled data used in path expression	https://github.com/jdfalk/audiobook-organizer/security/code-scanning/422	2026-04-18T20:30:31Z
423	error	code-scanning	go/path-injection	internal/organizer/rename.go:427	Uncontrolled data used in path expression	https://github.com/jdfalk/audiobook-organizer/security/code-scanning/423	2026-04-18T20:30:31Z
424	error	code-scanning	go/path-injection	internal/organizer/rename.go:427	Uncontrolled data used in path expression	https://github.com/jdfalk/audiobook-organizer/security/code-scanning/424	2026-04-18T20:30:31Z
425	error	code-scanning	go/path-injection	internal/organizer/rename.go:428	Uncontrolled data used in path expression	https://github.com/jdfalk/audiobook-organizer/security/code-scanning/425	2026-04-18T20:30:31Z
426	error	code-scanning	go/path-injection	internal/organizer/rename.go:433	Uncontrolled data used in path expression	https://github.com/jdfalk/audiobook-organizer/security/code-scanning/426	2026-04-18T20:30:31Z
427	error	code-scanning	go/path-injection	internal/organizer/rename.go:444	Uncontrolled data used in path expression	https://github.com/jdfalk/audiobook-organizer/security/code-scanning/427	2026-04-18T20:30:31Z
428	error	code-scanning	go/path-injection	internal/organizer/rename.go:450	Uncontrolled data used in path expression	https://github.com/jdfalk/audiobook-organizer/security/code-scanning/428	2026-04-18T20:30:31Z
429	error	code-scanning	go/path-injection	internal/organizer/rename.go:462	Uncontrolled data used in path expression	https://github.com/jdfalk/audiobook-organizer/security/code-scanning/429	2026-04-18T20:30:31Z
430	error	code-scanning	go/path-injection	internal/organizer/rename.go:469	Uncontrolled data used in path expression	https://github.com/jdfalk/audiobook-organizer/security/code-scanning/430	2026-04-18T20:30:31Z
431	error	code-scanning	go/path-injection	internal/organizer/rename.go:473	Uncontrolled data used in path expression	https://github.com/jdfalk/audiobook-organizer/security/code-scanning/431	2026-04-18T20:30:31Z
432	error	code-scanning	go/path-injection	internal/organizer/rename.go:477	Uncontrolled data used in path expression	https://github.com/jdfalk/audiobook-organizer/security/code-scanning/432	2026-04-18T20:30:31Z
433	error	code-scanning	go/path-injection	internal/organizer/rename.go:480	Uncontrolled data used in path expression	https://github.com/jdfalk/audiobook-organizer/security/code-scanning/433	2026-04-18T20:30:31Z
434	error	code-scanning	go/path-injection	internal/organizer/rename.go:480	Uncontrolled data used in path expression	https://github.com/jdfalk/audiobook-organizer/security/code-scanning/434	2026-04-18T20:30:31Z
435	error	code-scanning	go/path-injection	internal/organizer/service.go:416	Uncontrolled data used in path expression	https://github.com/jdfalk/audiobook-organizer/security/code-scanning/435	2026-04-18T20:30:31Z
436	error	code-scanning	go/path-injection	internal/organizer/service.go:421	Uncontrolled data used in path expression	https://github.com/jdfalk/audiobook-organizer/security/code-scanning/436	2026-04-18T20:30:31Z
437	error	code-scanning	go/path-injection	internal/organizer/service.go:721	Uncontrolled data used in path expression	https://github.com/jdfalk/audiobook-organizer/security/code-scanning/437	2026-04-18T20:30:31Z
438	error	code-scanning	go/path-injection	internal/metafetch/service.go:181	Uncontrolled data used in path expression	https://github.com/jdfalk/audiobook-organizer/security/code-scanning/438	2026-04-19T00:29:53Z
439	error	code-scanning	go/path-injection	internal/metafetch/service.go:238	Uncontrolled data used in path expression	https://github.com/jdfalk/audiobook-organizer/security/code-scanning/439	2026-04-19T00:29:53Z
440	error	code-scanning	go/path-injection	internal/metafetch/service.go:244	Uncontrolled data used in path expression	https://github.com/jdfalk/audiobook-organizer/security/code-scanning/440	2026-04-19T00:29:53Z
441	error	code-scanning	go/path-injection	internal/metafetch/service.go:246	Uncontrolled data used in path expression	https://github.com/jdfalk/audiobook-organizer/security/code-scanning/441	2026-04-19T00:29:53Z
442	error	code-scanning	go/path-injection	internal/metafetch/service.go:254	Uncontrolled data used in path expression	https://github.com/jdfalk/audiobook-organizer/security/code-scanning/442	2026-04-19T00:29:53Z
443	error	code-scanning	go/path-injection	internal/metafetch/service.go:262	Uncontrolled data used in path expression	https://github.com/jdfalk/audiobook-organizer/security/code-scanning/443	2026-04-19T00:29:53Z
444	error	code-scanning	go/path-injection	internal/metafetch/service.go:262	Uncontrolled data used in path expression	https://github.com/jdfalk/audiobook-organizer/security/code-scanning/444	2026-04-19T00:29:53Z
445	error	code-scanning	go/path-injection	internal/metafetch/service.go:264	Uncontrolled data used in path expression	https://github.com/jdfalk/audiobook-organizer/security/code-scanning/445	2026-04-19T00:29:53Z
446	error	code-scanning	go/path-injection	internal/metafetch/service.go:264	Uncontrolled data used in path expression	https://github.com/jdfalk/audiobook-organizer/security/code-scanning/446	2026-04-19T00:29:53Z
447	error	code-scanning	go/path-injection	internal/metafetch/service.go:266	Uncontrolled data used in path expression	https://github.com/jdfalk/audiobook-organizer/security/code-scanning/447	2026-04-19T00:29:53Z
448	error	code-scanning	go/path-injection	internal/server/import_collision.go:51	Uncontrolled data used in path expression	https://github.com/jdfalk/audiobook-organizer/security/code-scanning/448	2026-04-19T00:29:53Z
449	error	code-scanning	go/path-injection	internal/server/openlibrary_service.go:51	Uncontrolled data used in path expression	https://github.com/jdfalk/audiobook-organizer/security/code-scanning/449	2026-04-19T00:29:53Z
450	error	code-scanning	go/path-injection	internal/itunes/service/transfer.go:274	Uncontrolled data used in path expression	https://github.com/jdfalk/audiobook-organizer/security/code-scanning/450	2026-04-20T13:11:32Z
451	error	code-scanning	go/path-injection	internal/itunes/service/validate.go:24	Uncontrolled data used in path expression	https://github.com/jdfalk/audiobook-organizer/security/code-scanning/451	2026-04-21T02:03:06Z
457	error	code-scanning	go/path-injection	internal/server/itunes_handlers.go:759	Uncontrolled data used in path expression	https://github.com/jdfalk/audiobook-organizer/security/code-scanning/457	2026-04-21T02:12:39Z
458	error	code-scanning	go/request-forgery	internal/plugins/webhook/plugin.go:128	Uncontrolled data used in network request	https://github.com/jdfalk/audiobook-organizer/security/code-scanning/458	2026-04-21T10:36:58Z
467	error	code-scanning	go/request-forgery	internal/deluge/client.go:97	Uncontrolled data used in network request	https://github.com/jdfalk/audiobook-organizer/security/code-scanning/467	2026-04-26T23:26:49Z
469	error	code-scanning	go/path-injection	internal/backup/backup.go:52	Uncontrolled data used in path expression	https://github.com/jdfalk/audiobook-organizer/security/code-scanning/469	2026-04-26T23:26:49Z
470	error	code-scanning	go/path-injection	internal/backup/backup.go:62	Uncontrolled data used in path expression	https://github.com/jdfalk/audiobook-organizer/security/code-scanning/470	2026-04-26T23:26:49Z
471	error	code-scanning	go/path-injection	internal/backup/backup.go:81	Uncontrolled data used in path expression	https://github.com/jdfalk/audiobook-organizer/security/code-scanning/471	2026-04-26T23:26:49Z
472	error	code-scanning	go/path-injection	internal/backup/backup.go:97	Uncontrolled data used in path expression	https://github.com/jdfalk/audiobook-organizer/security/code-scanning/472	2026-04-26T23:26:49Z
473	error	code-scanning	go/path-injection	internal/backup/backup.go:206	Uncontrolled data used in path expression	https://github.com/jdfalk/audiobook-organizer/security/code-scanning/473	2026-04-26T23:26:49Z
474	error	code-scanning	go/path-injection	internal/backup/backup.go:329	Uncontrolled data used in path expression	https://github.com/jdfalk/audiobook-organizer/security/code-scanning/474	2026-04-26T23:26:49Z
476	error	code-scanning	go/path-injection	internal/config/config.go:793	Uncontrolled data used in path expression	https://github.com/jdfalk/audiobook-organizer/security/code-scanning/476	2026-04-26T23:26:49Z
477	error	code-scanning	go/path-injection	internal/config/config.go:808	Uncontrolled data used in path expression	https://github.com/jdfalk/audiobook-organizer/security/code-scanning/477	2026-04-26T23:26:49Z
478	error	code-scanning	go/path-injection	internal/itunes/itl.go:622	Uncontrolled data used in path expression	https://github.com/jdfalk/audiobook-organizer/security/code-scanning/478	2026-04-26T23:26:49Z
479	error	code-scanning	go/path-injection	internal/itunes/itl.go:673	Uncontrolled data used in path expression	https://github.com/jdfalk/audiobook-organizer/security/code-scanning/479	2026-04-26T23:26:49Z
480	error	code-scanning	go/path-injection	internal/itunes/itl.go:715	Uncontrolled data used in path expression	https://github.com/jdfalk/audiobook-organizer/security/code-scanning/480	2026-04-26T23:26:49Z
481	error	code-scanning	go/path-injection	internal/itunes/itl_combined_mutate.go:39	Uncontrolled data used in path expression	https://github.com/jdfalk/audiobook-organizer/security/code-scanning/481	2026-04-26T23:26:49Z
482	error	code-scanning	go/path-injection	internal/itunes/itl.go:994	Uncontrolled data used in path expression	https://github.com/jdfalk/audiobook-organizer/security/code-scanning/482	2026-04-26T23:26:49Z
483	error	code-scanning	go/path-injection	internal/itunes/itl.go:1015	Uncontrolled data used in path expression	https://github.com/jdfalk/audiobook-organizer/security/code-scanning/483	2026-04-26T23:26:49Z
484	error	code-scanning	go/path-injection	internal/itunes/itl.go:1023	Uncontrolled data used in path expression	https://github.com/jdfalk/audiobook-organizer/security/code-scanning/484	2026-04-26T23:26:49Z
485	error	code-scanning	go/path-injection	internal/itunes/itl.go:1023	Uncontrolled data used in path expression	https://github.com/jdfalk/audiobook-organizer/security/code-scanning/485	2026-04-26T23:26:49Z
486	error	code-scanning	go/path-injection	internal/itunes/service/importer.go:52	Uncontrolled data used in path expression	https://github.com/jdfalk/audiobook-organizer/security/code-scanning/486	2026-04-26T23:26:49Z
488	error	code-scanning	go/path-injection	internal/itunes/service/transfer.go:60	Uncontrolled data used in path expression	https://github.com/jdfalk/audiobook-organizer/security/code-scanning/488	2026-04-26T23:26:49Z
492	error	code-scanning	go/path-injection	internal/itunes/service/transfer.go:263	Uncontrolled data used in path expression	https://github.com/jdfalk/audiobook-organizer/security/code-scanning/492	2026-04-26T23:26:49Z
493	error	code-scanning	go/path-injection	internal/itunes/service/transfer.go:281	Uncontrolled data used in path expression	https://github.com/jdfalk/audiobook-organizer/security/code-scanning/493	2026-04-26T23:26:49Z
494	error	code-scanning	go/path-injection	internal/itunes/service/transfer.go:294	Uncontrolled data used in path expression	https://github.com/jdfalk/audiobook-organizer/security/code-scanning/494	2026-04-26T23:26:49Z
495	error	code-scanning	go/path-injection	internal/itunes/service/writeback_batcher.go:465	Uncontrolled data used in path expression	https://github.com/jdfalk/audiobook-organizer/security/code-scanning/495	2026-04-26T23:26:49Z
496	error	code-scanning	go/path-injection	internal/itunes/service/writeback_batcher.go:473	Uncontrolled data used in path expression	https://github.com/jdfalk/audiobook-organizer/security/code-scanning/496	2026-04-26T23:26:49Z
497	error	code-scanning	go/path-injection	internal/itunes/service/writeback_batcher.go:479	Uncontrolled data used in path expression	https://github.com/jdfalk/audiobook-organizer/security/code-scanning/497	2026-04-26T23:26:49Z
498	error	code-scanning	go/path-injection	internal/itunes/service/writeback_batcher.go:526	Uncontrolled data used in path expression	https://github.com/jdfalk/audiobook-organizer/security/code-scanning/498	2026-04-26T23:26:49Z
499	error	code-scanning	go/path-injection	internal/itunes/service/writeback_batcher.go:530	Uncontrolled data used in path expression	https://github.com/jdfalk/audiobook-organizer/security/code-scanning/499	2026-04-26T23:26:49Z
500	error	code-scanning	go/path-injection	internal/itunes/service/writeback_batcher.go:545	Uncontrolled data used in path expression	https://github.com/jdfalk/audiobook-organizer/security/code-scanning/500	2026-04-26T23:26:49Z
501	error	code-scanning	go/path-injection	internal/itunes/service/writeback_batcher.go:566	Uncontrolled data used in path expression	https://github.com/jdfalk/audiobook-organizer/security/code-scanning/501	2026-04-26T23:26:49Z
502	error	code-scanning	go/path-injection	internal/search/bleve_index.go:49	Uncontrolled data used in path expression	https://github.com/jdfalk/audiobook-organizer/security/code-scanning/502	2026-04-26T23:26:49Z
503	error	code-scanning	go/path-injection	internal/server/bootstrap.go:76	Uncontrolled data used in path expression	https://github.com/jdfalk/audiobook-organizer/security/code-scanning/503	2026-04-26T23:26:49Z
504	error	code-scanning	go/path-injection	internal/server/bootstrap.go:108	Uncontrolled data used in path expression	https://github.com/jdfalk/audiobook-organizer/security/code-scanning/504	2026-04-26T23:26:49Z
505	error	code-scanning	go/path-injection	internal/server/bootstrap.go:119	Uncontrolled data used in path expression	https://github.com/jdfalk/audiobook-organizer/security/code-scanning/505	2026-04-26T23:26:49Z
526	error	code-scanning	go/clear-text-logging	internal/server/maintenance_fixups.go:170	Clear-text logging of sensitive information	https://github.com/jdfalk/audiobook-organizer/security/code-scanning/526	2026-04-30T15:43:47Z
527	error	code-scanning	go/clear-text-logging	internal/server/maintenance_fixups.go:179	Clear-text logging of sensitive information	https://github.com/jdfalk/audiobook-organizer/security/code-scanning/527	2026-04-30T15:43:47Z
528	error	code-scanning	go/clear-text-logging	internal/server/maintenance_fixups.go:188	Clear-text logging of sensitive information	https://github.com/jdfalk/audiobook-organizer/security/code-scanning/528	2026-04-30T15:43:47Z
529	error	code-scanning	go/clear-text-logging	internal/server/maintenance_fixups.go:197	Clear-text logging of sensitive information	https://github.com/jdfalk/audiobook-organizer/security/code-scanning/529	2026-04-30T15:43:47Z
530	error	code-scanning	go/clear-text-logging	internal/server/maintenance_fixups.go:206	Clear-text logging of sensitive information	https://github.com/jdfalk/audiobook-organizer/security/code-scanning/530	2026-04-30T15:43:47Z
531	error	code-scanning	go/path-injection	internal/tagger/embed_cover.go:54	Uncontrolled data used in path expression	https://github.com/jdfalk/audiobook-organizer/security/code-scanning/531	2026-04-30T16:03:29Z
532	error	code-scanning	go/path-injection	internal/server/deluge_import.go:81	Uncontrolled data used in path expression	https://github.com/jdfalk/audiobook-organizer/security/code-scanning/532	2026-04-30T17:52:56Z
533	error	code-scanning	go/path-injection	internal/server/deluge_import.go:144	Uncontrolled data used in path expression	https://github.com/jdfalk/audiobook-organizer/security/code-scanning/533	2026-04-30T17:52:56Z
534	error	code-scanning	go/path-injection	internal/server/deluge_import_unix.go:29	Uncontrolled data used in path expression	https://github.com/jdfalk/audiobook-organizer/security/code-scanning/534	2026-04-30T17:52:56Z
535	error	code-scanning	go/path-injection	internal/server/deluge_import_unix.go:54	Uncontrolled data used in path expression	https://github.com/jdfalk/audiobook-organizer/security/code-scanning/535	2026-04-30T17:52:56Z
536	error	code-scanning	go/path-injection	internal/fileops/write_tags_safe.go:47	Uncontrolled data used in path expression	https://github.com/jdfalk/audiobook-organizer/security/code-scanning/536	2026-04-30T22:41:47Z
537	error	code-scanning	go/path-injection	internal/fileops/write_tags_safe.go:72	Uncontrolled data used in path expression	https://github.com/jdfalk/audiobook-organizer/security/code-scanning/537	2026-04-30T22:41:47Z
538	error	code-scanning	go/path-injection	internal/fileops/write_tags_safe.go:92	Uncontrolled data used in path expression	https://github.com/jdfalk/audiobook-organizer/security/code-scanning/538	2026-04-30T22:41:47Z
539	error	code-scanning	go/path-injection	internal/fileops/hash.go:16	Uncontrolled data used in path expression	https://github.com/jdfalk/audiobook-organizer/security/code-scanning/539	2026-04-30T22:41:55Z
541	error	code-scanning	go/path-injection	internal/backup/backup.go:367	Uncontrolled data used in path expression	https://github.com/jdfalk/audiobook-organizer/security/code-scanning/541	2026-05-01T12:24:31Z
542	error	code-scanning	go/path-injection	internal/fileops/safe_operations.go:136	Uncontrolled data used in path expression	https://github.com/jdfalk/audiobook-organizer/security/code-scanning/542	2026-05-01T12:24:49Z
543	error	code-scanning	go/path-injection	internal/fileops/safe_operations.go:207	Uncontrolled data used in path expression	https://github.com/jdfalk/audiobook-organizer/security/code-scanning/543	2026-05-01T12:24:49Z
587	error	code-scanning	go/request-forgery	internal/server/covers.go:53	Uncontrolled data used in network request	https://github.com/jdfalk/audiobook-organizer/security/code-scanning/587	2026-05-02T00:46:14Z
588	error	code-scanning	go/path-injection	internal/itunes/service/transfer.go:47	Uncontrolled data used in path expression	https://github.com/jdfalk/audiobook-organizer/security/code-scanning/588	2026-05-02T00:46:14Z
589	error	code-scanning	go/path-injection	internal/itunes/service/transfer.go:94	Uncontrolled data used in path expression	https://github.com/jdfalk/audiobook-organizer/security/code-scanning/589	2026-05-02T00:46:14Z
590	error	code-scanning	go/path-injection	internal/itunes/service/transfer.go:136	Uncontrolled data used in path expression	https://github.com/jdfalk/audiobook-organizer/security/code-scanning/590	2026-05-02T00:46:14Z
591	error	code-scanning	go/path-injection	internal/itunes/service/transfer.go:166	Uncontrolled data used in path expression	https://github.com/jdfalk/audiobook-organizer/security/code-scanning/591	2026-05-02T00:46:14Z
592	error	code-scanning	go/path-injection	internal/server/audiobooks_handlers.go:566	Uncontrolled data used in path expression	https://github.com/jdfalk/audiobook-organizer/security/code-scanning/592	2026-05-02T00:46:14Z
593	error	code-scanning	go/path-injection	internal/server/audiobooks_handlers.go:581	Uncontrolled data used in path expression	https://github.com/jdfalk/audiobook-organizer/security/code-scanning/593	2026-05-02T00:46:14Z
594	error	code-scanning	go/path-injection	internal/server/cover_history.go:39	Uncontrolled data used in path expression	https://github.com/jdfalk/audiobook-organizer/security/code-scanning/594	2026-05-02T00:46:14Z
595	error	code-scanning	go/path-injection	internal/server/cover_history.go:104	Uncontrolled data used in path expression	https://github.com/jdfalk/audiobook-organizer/security/code-scanning/595	2026-05-02T00:46:14Z
596	error	code-scanning	go/path-injection	internal/server/cover_history.go:114	Uncontrolled data used in path expression	https://github.com/jdfalk/audiobook-organizer/security/code-scanning/596	2026-05-02T00:46:14Z
597	error	code-scanning	go/path-injection	internal/server/cover_history.go:119	Uncontrolled data used in path expression	https://github.com/jdfalk/audiobook-organizer/security/code-scanning/597	2026-05-02T00:46:14Z
598	error	code-scanning	go/path-injection	internal/server/covers.go:66	Uncontrolled data used in path expression	https://github.com/jdfalk/audiobook-organizer/security/code-scanning/598	2026-05-02T00:46:14Z
599	error	code-scanning	go/path-injection	internal/server/covers.go:72	Uncontrolled data used in path expression	https://github.com/jdfalk/audiobook-organizer/security/code-scanning/599	2026-05-02T00:46:14Z
600	error	code-scanning	go/path-injection	internal/server/covers.go:80	Uncontrolled data used in path expression	https://github.com/jdfalk/audiobook-organizer/security/code-scanning/600	2026-05-02T00:46:14Z
601	error	code-scanning	go/path-injection	internal/server/covers.go:108	Uncontrolled data used in path expression	https://github.com/jdfalk/audiobook-organizer/security/code-scanning/601	2026-05-02T00:46:14Z
602	error	code-scanning	go/path-injection	internal/server/covers.go:109	Uncontrolled data used in path expression	https://github.com/jdfalk/audiobook-organizer/security/code-scanning/602	2026-05-02T00:46:14Z
603	error	code-scanning	go/path-injection	internal/server/itunes_handlers.go:254	Uncontrolled data used in path expression	https://github.com/jdfalk/audiobook-organizer/security/code-scanning/603	2026-05-02T00:46:14Z
604	error	code-scanning	go/path-injection	internal/server/itunes_handlers.go:387	Uncontrolled data used in path expression	https://github.com/jdfalk/audiobook-organizer/security/code-scanning/604	2026-05-02T00:46:14Z
605	error	code-scanning	go/path-injection	internal/server/itunes_handlers.go:449	Uncontrolled data used in path expression	https://github.com/jdfalk/audiobook-organizer/security/code-scanning/605	2026-05-02T00:46:14Z
606	error	code-scanning	go/path-injection	internal/server/itunes_handlers.go:694	Uncontrolled data used in path expression	https://github.com/jdfalk/audiobook-organizer/security/code-scanning/606	2026-05-02T00:46:14Z
607	error	code-scanning	go/path-injection	internal/server/itunes_handlers.go:752	Uncontrolled data used in path expression	https://github.com/jdfalk/audiobook-organizer/security/code-scanning/607	2026-05-02T00:46:14Z
608	error	code-scanning	go/path-injection	internal/server/openlibrary_service.go:299	Uncontrolled data used in path expression	https://github.com/jdfalk/audiobook-organizer/security/code-scanning/608	2026-05-02T00:46:14Z
609	error	code-scanning	go/path-injection	internal/server/openlibrary_service.go:305	Uncontrolled data used in path expression	https://github.com/jdfalk/audiobook-organizer/security/code-scanning/609	2026-05-02T00:46:14Z
610	error	code-scanning	go/path-injection	internal/server/openlibrary_service.go:344	Uncontrolled data used in path expression	https://github.com/jdfalk/audiobook-organizer/security/code-scanning/610	2026-05-02T00:46:14Z
611	error	code-scanning	go/path-injection	internal/reconcile/reconcile.go:426	Uncontrolled data used in path expression	https://github.com/jdfalk/audiobook-organizer/security/code-scanning/611	2026-05-02T01:28:59Z
612	error	code-scanning	go/path-injection	internal/reconcile/reconcile.go:451	Uncontrolled data used in path expression	https://github.com/jdfalk/audiobook-organizer/security/code-scanning/612	2026-05-02T01:28:59Z
613	error	code-scanning	go/path-injection	internal/reconcile/reconcile.go:506	Uncontrolled data used in path expression	https://github.com/jdfalk/audiobook-organizer/security/code-scanning/613	2026-05-02T01:28:59Z
614	error	code-scanning	go/path-injection	internal/scanner/service.go:387	Uncontrolled data used in path expression	https://github.com/jdfalk/audiobook-organizer/security/code-scanning/614	2026-05-02T01:34:01Z
615	error	code-scanning	go/path-injection	internal/server/server.go:703	Uncontrolled data used in path expression	https://github.com/jdfalk/audiobook-organizer/security/code-scanning/615	2026-05-02T01:34:01Z
616	error	code-scanning	go/path-injection	internal/scanner/service.go:219	Uncontrolled data used in path expression	https://github.com/jdfalk/audiobook-organizer/security/code-scanning/616	2026-05-02T01:46:27Z
617	error	code-scanning	go/path-injection	internal/scanner/service.go:253	Uncontrolled data used in path expression	https://github.com/jdfalk/audiobook-organizer/security/code-scanning/617	2026-05-02T01:46:27Z
618	error	code-scanning	go/path-injection	internal/importer/service.go:57	Uncontrolled data used in path expression	https://github.com/jdfalk/audiobook-organizer/security/code-scanning/618	2026-05-02T01:47:21Z
619	error	code-scanning	go/path-injection	internal/audiobooks/service.go:1342	Uncontrolled data used in path expression	https://github.com/jdfalk/audiobook-organizer/security/code-scanning/619	2026-05-02T01:51:08Z
620	error	code-scanning	go/path-injection	internal/fileops/service.go:103	Uncontrolled data used in path expression	https://github.com/jdfalk/audiobook-organizer/security/code-scanning/620	2026-05-02T01:52:46Z
621	error	code-scanning	go/path-injection	internal/fileops/service.go:119	Uncontrolled data used in path expression	https://github.com/jdfalk/audiobook-organizer/security/code-scanning/621	2026-05-02T01:52:46Z
622	error	code-scanning	go/path-injection	internal/fileops/service.go:140	Uncontrolled data used in path expression	https://github.com/jdfalk/audiobook-organizer/security/code-scanning/622	2026-05-02T01:52:46Z
623	error	code-scanning	go/path-injection	internal/fileops/service.go:166	Uncontrolled data used in path expression	https://github.com/jdfalk/audiobook-organizer/security/code-scanning/623	2026-05-02T01:52:46Z
624	error	code-scanning	go/path-injection	internal/fileops/service.go:176	Uncontrolled data used in path expression	https://github.com/jdfalk/audiobook-organizer/security/code-scanning/624	2026-05-02T01:52:46Z
625	error	code-scanning	go/path-injection	internal/fileops/service.go:190	Uncontrolled data used in path expression	https://github.com/jdfalk/audiobook-organizer/security/code-scanning/625	2026-05-02T01:52:46Z
626	error	code-scanning	go/path-injection	internal/server/itunes_handlers.go:832	Uncontrolled data used in path expression	https://github.com/jdfalk/audiobook-organizer/security/code-scanning/626	2026-05-02T15:33:38Z
627	error	code-scanning	go/path-injection	internal/server/itunes_handlers.go:837	Uncontrolled data used in path expression	https://github.com/jdfalk/audiobook-organizer/security/code-scanning/627	2026-05-02T15:33:38Z
